ID_venta,Producto,Categoría,Precio,Cantidad,Total_Venta,Fecha_Venta,Método_Pago,Cliente_Frecuente
1,Auriculares,Computación,1254.8,4,5019.2,2023-01-01,Efectivo,No
2,Smartwatch,Computación,1744.36,3,5233.08,2023-01-02,Efectivo,No
3,Tablet,Accesorios,1162.69,3,3488.07,2023-01-03,Tarjeta,Sí
4,Smartwatch,Telefonía,109.25,4,437.0,2023-01-04,Transferencia,Sí
5,Smartwatch,Computación,1865.35,3,5.596.049.999.999.990,2023-01-05,Efectivo,No
6,Teléfono,Accesorios,1394.58,1,1394.58,2023-01-06,Efectivo,No
7,Tablet,Telefonía,1369.2,4,5476.8,2023-01-07,Transferencia,No
8,Tablet,Computación,470.57,3,1411.71,2023-01-08,Tarjeta,Sí
9,Tablet,Telefonía,1334.83,4,5339.32,2023-01-09,Transferencia,Sí
10,Smartwatch,Accesorios,818.04,1,818.04,2023-01-10,,No
11,Auriculares,Computación,1319.9,3,39.597.000.000.000.000,2023-01-11,Tarjeta,Sí
12,Tablet,Telefonía,257.86,1,257.86,2023-01-12,Tarjeta,Sí
13,Smartwatch,Computación,1332.8,3,39.983.999.999.999.900,2023-01-13,Transferencia,No
14,Teléfono,Telefonía,1998.86,2,3997.72,2023-01-14,Transferencia,Sí
15,Auriculares,Accesorios,144.01,3,432.03,2023-01-15,Efectivo,No
16,Teléfono,Accesorios,1955.49,4,7821.96,2023-01-16,Efectivo,Sí
17,Auriculares,Computación,843.47,3,2530.41,2023-01-17,Efectivo,Sí
18,Smartwatch,Telefonía,1747.97,1,1747.97,2023-01-18,Transferencia,No
19,Laptop,Computación,1575.65,1,1575.65,2023-01-19,Tarjeta,Sí
20,Auriculares,Computación,1155.68,3,3467.04,2023-01-20,Tarjeta,No
21,Teléfono,Telefonía,1489.98,4,5959.92,2023-01-21,Tarjeta,No
22,Smartwatch,Telefonía,1763.11,2,3526.22,2023-01-22,Efectivo,Sí
23,Auriculares,Telefonía,,4,3352.28,2023-01-23,,No
24,Laptop,Accesorios,687.71,2,1375.42,2023-01-24,Tarjeta,Sí
25,Laptop,Computación,1351.81,1,1351.81,2023-01-25,Tarjeta,No
26,Tablet,Computación,1625.3,4,6501.2,2023-01-26,Transferencia,Sí
27,Tablet,Accesorios,1536.46,2,3072.92,2023-01-27,Tarjeta,No
28,Teléfono,Telefonía,1605.74,3,4817.22,2023-01-28,Efectivo,Sí
29,Auriculares,Accesorios,899.39,1,899.39,2023-01-29,Transferencia,No
30,Auriculares,Accesorios,1644.78,3,4934.34,2023-01-30,Tarjeta,No
31,Tablet,Accesorios,284.41,1,284.41,2023-01-31,Tarjeta,No
32,Auriculares,Computación,,4,4447.0,2023-02-01,Efectivo,Sí
33,Auriculares,Accesorios,61.23,4,244.92,2023-02-02,Transferencia,Sí
34,Laptop,Computación,682.94,1,682.94,2023-02-03,Efectivo,No
35,Tablet,Computación,764.6,1,764.6,2023-02-04,Transferencia,No
36,Smartwatch,Computación,822.54,1,822.54,2023-02-05,Tarjeta,Sí
37,Tablet,Telefonía,1406.16,4,5624.64,2023-02-06,Efectivo,No
38,Smartwatch,Computación,807.69,2,1615.38,2023-02-07,Efectivo,Sí
39,Laptop,Computación,924.95,3,27.748.500.000.000.000,2023-02-08,Transferencia,No
40,Teléfono,Telefonía,513.21,3,1539.63,2023-02-09,Tarjeta,Sí
41,Auriculares,Computación,777.84,4,3111.36,2023-02-10,Transferencia,Sí
42,Laptop,Accesorios,493.18,3,1479.54,2023-02-11,Efectivo,No
43,Auriculares,Accesorios,192.73,1,192.73,2023-02-12,Tarjeta,Sí
44,Teléfono,Computación,1226.72,2,2453.44,2023-02-13,Tarjeta,No
45,Teléfono,Telefonía,1353.01,3,40.590.299.999.999.900,2023-02-14,,No
46,Laptop,Accesorios,1258.01,2,2516.02,2023-02-15,Tarjeta,Sí
47,Teléfono,Telefonía,953.81,1,953.81,2023-02-16,Tarjeta,Sí
48,Smartwatch,Telefonía,790.58,3,23.717.400.000.000.000,2023-02-17,Tarjeta,No
49,Teléfono,Accesorios,1733.5,4,6934.0,2023-02-18,Transferencia,Sí
50,Auriculares,Telefonía,,2,2124.42,2023-02-19,Efectivo,No
51,Auriculares,Accesorios,984.4,1,984.4,2023-02-20,Efectivo,No
52,Auriculares,Telefonía,100.0,2,200.0,2023-02-21,Tarjeta,No
53,Auriculares,Accesorios,715.43,3,2146.29,2023-02-22,Efectivo,Sí
54,Smartwatch,Computación,791.38,3,2374.14,2023-02-23,Efectivo,Sí
55,Tablet,Accesorios,827.7,4,3310.8,2023-02-24,Transferencia,Sí
56,Laptop,Accesorios,1181.34,1,1181.34,2023-02-25,Transferencia,Sí
57,Auriculares,Accesorios,1090.52,1,1090.52,2023-02-26,Tarjeta,No
58,Teléfono,Accesorios,1235.41,4,4941.64,2023-02-27,Efectivo,No
59,Auriculares,Telefonía,1541.52,4,6166.08,2023-02-28,Tarjeta,Sí
60,Teléfono,Computación,1635.32,1,1635.32,2023-03-01,Efectivo,Sí
61,Teléfono,Accesorios,1450.34,2,2900.68,2023-03-02,,Sí
62,Auriculares,Telefonía,1913.27,2,3826.54,2023-03-03,Tarjeta,No
63,Smartwatch,Computación,85.55,4,342.2,2023-03-04,Tarjeta,Sí
64,Teléfono,Computación,431.77,2,863.54,2023-03-05,Efectivo,No
65,Teléfono,Computación,64.75,1,64.75,2023-03-06,Tarjeta,Sí
66,Auriculares,Computación,1312.58,3,3937.74,2023-03-07,Efectivo,No
67,Teléfono,Accesorios,1801.16,3,54.034.800.000.000.000,2023-03-08,Tarjeta,No
68,Teléfono,Accesorios,524.79,2,1049.58,2023-03-09,Tarjeta,Sí
69,Auriculares,Telefonía,1857.72,4,7430.88,2023-03-10,Efectivo,Sí
70,Auriculares,Telefonía,167.52,4,670.08,2023-03-11,Tarjeta,No
71,Laptop,Telefonía,1872.15,4,7488.6,2023-03-12,Tarjeta,Sí
72,Smartwatch,Computación,735.66,4,2942.64,2023-03-13,Efectivo,No
73,Smartwatch,Computación,,4,991.08,2023-03-14,Tarjeta,No
74,Teléfono,Accesorios,997.45,2,1994.9,2023-03-15,Tarjeta,No
75,Smartwatch,Computación,550.71,3,1652.13,2023-03-16,Tarjeta,No
76,Teléfono,Computación,605.5,3,1816.5,2023-03-17,Transferencia,Sí
77,Laptop,Computación,649.22,2,1298.44,2023-03-18,Efectivo,Sí
78,Auriculares,Telefonía,1615.9,4,6463.6,2023-03-19,Efectivo,No
79,Auriculares,Telefonía,1101.36,2,2202.72,2023-03-20,Efectivo,Sí
80,Auriculares,Accesorios,657.05,3,19.711.499.999.999.900,2023-03-21,Tarjeta,No
81,Smartwatch,Computación,1240.15,1,1240.15,2023-03-22,Tarjeta,Sí
82,Laptop,Computación,1446.49,2,2892.98,2023-03-23,Efectivo,Sí
83,Smartwatch,Accesorios,,4,2326.48,2023-03-24,Tarjeta,No
84,Smartwatch,Computación,856.42,3,25.692.599.999.999.900,2023-03-25,Tarjeta,Sí
85,Laptop,Computación,287.68,3,863.04,2023-03-26,Tarjeta,No
86,Laptop,Telefonía,403.24,3,1209.72,2023-03-27,Tarjeta,No
87,Laptop,Accesorios,1378.18,3,4134.54,2023-03-28,Transferencia,No
88,Laptop,Accesorios,403.8,4,1615.2,2023-03-29,Tarjeta,No
89,Auriculares,Accesorios,1074.07,1,1074.07,2023-03-30,Efectivo,No
90,Tablet,Accesorios,1432.64,3,4297.92,2023-03-31,Tarjeta,No
91,Tablet,Telefonía,258.41,2,516.82,2023-04-01,Transferencia,Sí
92,Laptop,Telefonía,1156.26,1,1156.26,2023-04-02,Tarjeta,No
93,Tablet,Computación,550.3,3,16.508.999.999.999.900,2023-04-03,Tarjeta,No
94,Tablet,Computación,1927.71,1,1927.71,2023-04-04,Efectivo,No
95,Laptop,Computación,992.91,2,1985.82,2023-04-05,Efectivo,No
96,Tablet,Computación,1621.69,3,4865.07,2023-04-06,Tarjeta,Sí
97,Smartwatch,Telefonía,1122.94,2,2245.88,2023-04-07,Tarjeta,No
98,Teléfono,Accesorios,134.65,4,538.6,2023-04-08,Tarjeta,No
99,Teléfono,Telefonía,1284.65,3,38.539.500.000.000.000,2023-04-09,Tarjeta,Sí
100,Laptop,Computación,1905.24,3,5715.72,2023-04-10,Tarjeta,No
101,Auriculares,Telefonía,1223.14,3,3669.42,2023-04-11,Tarjeta,No
102,Laptop,Accesorios,1647.42,3,4942.26,2023-04-12,Tarjeta,No
103,Auriculares,Accesorios,1774.2,4,7096.8,2023-04-13,Tarjeta,No
104,Teléfono,Telefonía,,3,1484.28,2023-04-14,Efectivo,No
105,Laptop,Telefonía,463.49,1,463.49,2023-04-15,Transferencia,Sí
106,Smartwatch,Telefonía,1241.41,3,37.242.300.000.000.000,2023-04-16,Efectivo,No
107,Tablet,Computación,851.51,4,3406.04,2023-04-17,Tarjeta,Sí
108,Auriculares,Telefonía,1687.73,3,50.631.900.000.000.000,2023-04-18,Tarjeta,No
109,Tablet,Telefonía,1805.05,1,1805.05,2023-04-19,Transferencia,No
110,Tablet,Telefonía,739.17,4,2956.68,2023-04-20,Tarjeta,Sí
111,Laptop,Accesorios,511.9,4,2047.6,2023-04-21,Tarjeta,Sí
112,Tablet,Accesorios,1572.02,1,1572.02,2023-04-22,Efectivo,No
113,Smartwatch,Computación,585.87,1,585.87,2023-04-23,,Sí
114,Tablet,Computación,1654.1,1,1654.1,2023-04-24,Efectivo,No
115,Laptop,Accesorios,,1,876.29,2023-04-25,Tarjeta,Sí
116,Smartwatch,Accesorios,1351.72,1,1351.72,2023-04-26,Tarjeta,Sí
117,Teléfono,Accesorios,236.29,4,945.16,2023-04-27,Transferencia,No
118,Tablet,Telefonía,1266.53,4,5066.12,2023-04-28,Tarjeta,No
119,Laptop,Telefonía,930.95,3,27.928.500.000.000.000,2023-04-29,Efectivo,No
120,Teléfono,Accesorios,1193.89,3,3581.67,2023-04-30,Efectivo,Sí
121,Teléfono,Telefonía,377.63,2,755.26,2023-05-01,Efectivo,No
122,Auriculares,Telefonía,1486.9,3,4.460.700.000.000.000,2023-05-02,Tarjeta,No
123,Smartwatch,Computación,1732.45,3,5197.35,2023-05-03,Tarjeta,No
124,Tablet,Accesorios,,1,472.64,2023-05-04,Efectivo,No
125,Laptop,Accesorios,236.64,1,236.64,2023-05-05,Transferencia,No
126,Auriculares,Telefonía,96.1,3,28.829.999.999.999.900,2023-05-06,Transferencia,No
127,Smartwatch,Accesorios,1301.84,2,2603.68,2023-05-07,Tarjeta,Sí
128,Auriculares,Computación,1233.83,1,1233.83,2023-05-08,,No
129,Smartwatch,Computación,1116.06,3,3348.18,2023-05-09,Transferencia,Sí
130,Smartwatch,Computación,502.3,3,1506.9,2023-05-10,Efectivo,No
131,Tablet,Accesorios,,4,3249.08,2023-05-11,Transferencia,Sí
132,Smartwatch,Accesorios,1209.23,2,2418.46,2023-05-12,Tarjeta,No
133,Auriculares,Accesorios,1018.7,4,4074.8,2023-05-13,Efectivo,No
134,Smartwatch,Accesorios,1976.18,2,3952.36,2023-05-14,Efectivo,Sí
135,Tablet,Accesorios,316.06,1,316.06,2023-05-15,Efectivo,Sí
136,Tablet,Computación,1405.53,2,2811.06,2023-05-16,Tarjeta,Sí
137,Auriculares,Telefonía,,3,25.152.599.999.999.900,2023-05-17,Tarjeta,No
138,Teléfono,Computación,884.99,3,26.549.700.000.000.000,2023-05-18,Efectivo,No
139,Teléfono,Accesorios,1449.32,2,2898.64,2023-05-19,Tarjeta,Sí
140,Smartwatch,Computación,1400.25,2,2800.5,2023-05-20,Tarjeta,No
141,Laptop,Accesorios,1982.95,2,3965.9,2023-05-21,Transferencia,Sí
142,Smartwatch,Accesorios,300.37,4,1201.48,2023-05-22,Tarjeta,No
143,Auriculares,Computación,253.01,2,506.02,2023-05-23,Transferencia,No
144,Auriculares,Accesorios,1462.46,1,1462.46,2023-05-24,Tarjeta,Sí
145,Auriculares,Telefonía,1177.85,4,4711.4,2023-05-25,Efectivo,No
146,Auriculares,Accesorios,584.61,4,2338.44,2023-05-26,Transferencia,Sí
147,Auriculares,Telefonía,204.87,2,409.74,2023-05-27,Tarjeta,Sí
148,Tablet,Telefonía,217.03,1,217.03,2023-05-28,Tarjeta,Sí
149,Teléfono,Accesorios,1793.67,4,7174.68,2023-05-29,Tarjeta,Sí
150,Auriculares,Computación,424.14,3,1272.42,2023-05-30,Tarjeta,No
151,Laptop,Telefonía,680.57,4,2722.28,2023-05-31,Efectivo,No
152,Laptop,Computación,491.98,2,983.96,2023-06-01,,No
153,Laptop,Telefonía,742.24,1,742.24,2023-06-02,Tarjeta,Sí
154,Laptop,Accesorios,185.38,2,370.76,2023-06-03,Tarjeta,Sí
155,Tablet,Accesorios,1062.17,3,3186.51,2023-06-04,,No
156,Laptop,Telefonía,181.84,3,545.52,2023-06-05,Efectivo,No
157,Auriculares,Accesorios,1610.7,3,4832.1,2023-06-06,Tarjeta,Sí
158,Smartwatch,Telefonía,505.74,2,1011.48,2023-06-07,Efectivo,No
159,Laptop,Accesorios,1103.02,4,4412.08,2023-06-08,Efectivo,No
160,Tablet,Computación,1766.15,2,3532.3,2023-06-09,Efectivo,No
161,Tablet,Accesorios,1319.21,1,1319.21,2023-06-10,Tarjeta,No
162,Laptop,Computación,1089.27,4,4357.08,2023-06-11,Efectivo,Sí
163,Smartwatch,Accesorios,,3,20.473.500.000.000.000,2023-06-12,Tarjeta,Sí
164,Laptop,Computación,699.35,2,1398.7,2023-06-13,,No
165,Tablet,Accesorios,1355.5,3,4066.5,2023-06-14,Transferencia,Sí
166,Teléfono,Computación,1988.57,3,5965.71,2023-06-15,Efectivo,No
167,Auriculares,Telefonía,1340.59,1,1340.59,2023-06-16,Tarjeta,No
168,Tablet,Telefonía,1137.68,4,4550.72,2023-06-17,Tarjeta,Sí
169,Laptop,Computación,1474.77,1,1474.77,2023-06-18,Tarjeta,No
170,Auriculares,Accesorios,957.15,1,957.15,2023-06-19,Tarjeta,Sí
171,Laptop,Computación,167.28,1,167.28,2023-06-20,Tarjeta,No
172,Laptop,Accesorios,1146.48,3,3439.44,2023-06-21,Tarjeta,No
173,Teléfono,Telefonía,1917.37,1,1917.37,2023-06-22,Tarjeta,No
174,Auriculares,Accesorios,391.84,1,391.84,2023-06-23,Efectivo,No
175,Auriculares,Telefonía,1395.51,4,5582.04,2023-06-24,Efectivo,No
176,Teléfono,Accesorios,441.82,4,1767.28,2023-06-25,Efectivo,No
177,Tablet,Accesorios,1094.86,1,1094.86,2023-06-26,Tarjeta,No
178,Laptop,Accesorios,238.52,4,954.08,2023-06-27,Transferencia,Sí
179,Smartwatch,Computación,928.22,4,3712.88,2023-06-28,Transferencia,Sí
180,Laptop,Computación,1524.52,1,1524.52,2023-06-29,Transferencia,Sí
181,Laptop,Telefonía,727.76,3,21.832.799.999.999.900,2023-06-30,Transferencia,Sí
182,Tablet,Telefonía,1346.58,1,1346.58,2023-07-01,Transferencia,No
183,Laptop,Computación,1601.13,4,6404.52,2023-07-02,Efectivo,No
184,Teléfono,Telefonía,1858.0,3,5574.0,2023-07-03,Tarjeta,No
185,Teléfono,Computación,507.55,2,1015.1,2023-07-04,Efectivo,Sí
186,Auriculares,Accesorios,828.67,3,24.860.099.999.999.900,2023-07-05,Efectivo,No
187,Smartwatch,Telefonía,347.21,4,1388.84,2023-07-06,Efectivo,Sí
188,Laptop,Telefonía,1985.34,3,59.560.199.999.999.900,2023-07-07,Efectivo,No
189,Laptop,Computación,1857.65,1,1857.65,2023-07-08,Tarjeta,No
190,Tablet,Telefonía,,2,2205.84,2023-07-09,Tarjeta,Sí
191,Teléfono,Telefonía,1691.96,2,3383.92,2023-07-10,Transferencia,Sí
192,Smartwatch,Accesorios,1065.87,2,2131.74,2023-07-11,Efectivo,Sí
193,Auriculares,Telefonía,1265.99,4,5063.96,2023-07-12,,No
194,Teléfono,Accesorios,223.79,4,895.16,2023-07-13,Tarjeta,No
195,Auriculares,Computación,1522.78,2,3045.56,2023-07-14,Tarjeta,No
196,Tablet,Telefonía,299.04,3,8.971.200.000.000.000,2023-07-15,Transferencia,Sí
197,Tablet,Accesorios,1660.83,2,3321.66,2023-07-16,Efectivo,No
198,Laptop,Computación,1574.95,3,4724.85,2023-07-17,Efectivo,No
199,Smartwatch,Telefonía,1432.05,3,4296.15,2023-07-18,Tarjeta,No
200,Auriculares,Computación,120.51,4,482.04,2023-07-19,Efectivo,Sí
201,Teléfono,Telefonía,641.1,3,19.233.000.000.000.000,2023-07-20,Tarjeta,Sí
202,Tablet,Computación,563.07,2,1126.14,2023-07-21,Efectivo,No
203,Laptop,Computación,752.27,4,3009.08,2023-07-22,Tarjeta,Sí
204,Laptop,Accesorios,220.9,1,220.9,2023-07-23,Tarjeta,Sí
205,Auriculares,Computación,1877.07,1,1877.07,2023-07-24,Efectivo,Sí
206,Tablet,Telefonía,1129.91,4,4519.64,2023-07-25,Transferencia,No
207,Smartwatch,Telefonía,645.77,2,1291.54,2023-07-26,Tarjeta,No
208,Tablet,Accesorios,,1,824.11,2023-07-27,Transferencia,No
209,Auriculares,Telefonía,922.04,1,922.04,2023-07-28,Tarjeta,No
210,Auriculares,Telefonía,1221.16,3,36.634.800.000.000.000,2023-07-29,Tarjeta,No
211,Tablet,Telefonía,1055.57,3,3166.71,2023-07-30,Tarjeta,Sí
212,Auriculares,Computación,1842.81,2,3685.62,2023-07-31,Tarjeta,No
213,Tablet,Computación,1019.08,4,4076.32,2023-08-01,Efectivo,Sí
214,Teléfono,Telefonía,1984.71,2,3969.42,2023-08-02,Tarjeta,No
215,Tablet,Accesorios,1710.28,4,6841.12,2023-08-03,Tarjeta,Sí
216,Tablet,Computación,456.6,1,456.6,2023-08-04,Transferencia,Sí
217,Auriculares,Accesorios,1864.66,3,55.939.800.000.000.000,2023-08-05,,Sí
218,Auriculares,Telefonía,276.91,2,553.82,2023-08-06,Efectivo,Sí
219,Laptop,Telefonía,1644.03,2,3288.06,2023-08-07,Tarjeta,Sí
220,Laptop,Computación,792.22,4,3168.88,2023-08-08,Efectivo,Sí
221,Teléfono,Telefonía,1762.05,4,7048.2,2023-08-09,Tarjeta,No
222,Laptop,Computación,1742.71,2,3485.42,2023-08-10,Tarjeta,No
223,Tablet,Telefonía,1621.55,4,6486.2,2023-08-11,Tarjeta,No
224,Auriculares,Telefonía,1590.56,2,3181.12,2023-08-12,Tarjeta,No
225,Laptop,Computación,644.12,2,1288.24,2023-08-13,Tarjeta,No
226,Laptop,Computación,207.79,2,415.58,2023-08-14,Efectivo,No
227,Teléfono,Computación,835.81,1,835.81,2023-08-15,Transferencia,No
228,Teléfono,Telefonía,388.37,4,1553.48,2023-08-16,Transferencia,Sí
229,Tablet,Telefonía,1405.15,3,4.215.450.000.000.000,2023-08-17,Efectivo,Sí
230,Auriculares,Accesorios,,3,2174.67,2023-08-18,Tarjeta,No
231,Teléfono,Computación,1952.44,4,7809.76,2023-08-19,Tarjeta,No
232,Laptop,Telefonía,1299.9,2,2599.8,2023-08-20,Tarjeta,No
233,Auriculares,Telefonía,1653.84,3,49.615.199.999.999.900,2023-08-21,Tarjeta,Sí
234,Auriculares,Computación,308.42,3,925.26,2023-08-22,Efectivo,Sí
235,Laptop,Accesorios,1730.93,4,6923.72,2023-08-23,Efectivo,No
236,Teléfono,Computación,1849.38,3,5548.14,2023-08-24,Tarjeta,Sí
237,Laptop,Accesorios,999.77,2,1999.54,2023-08-25,Tarjeta,No
238,Auriculares,Telefonía,1232.19,4,4928.76,2023-08-26,Transferencia,No
239,Smartwatch,Accesorios,1541.38,2,3082.76,2023-08-27,Efectivo,No
240,Smartwatch,Telefonía,390.94,3,1172.82,2023-08-28,Tarjeta,No
241,Tablet,Computación,1030.0,3,3090.0,2023-08-29,Transferencia,No
242,Laptop,Computación,827.39,2,1654.78,2023-08-30,Transferencia,No
243,Laptop,Computación,335.43,1,335.43,2023-08-31,Tarjeta,No
244,Tablet,Accesorios,766.69,3,2300.07,2023-09-01,Tarjeta,No
245,Tablet,Telefonía,182.94,1,182.94,2023-09-02,Efectivo,Sí
246,Tablet,Computación,100.33,3,300.99,2023-09-03,Transferencia,Sí
247,Auriculares,Computación,313.57,1,313.57,2023-09-04,Transferencia,Sí
248,Laptop,Telefonía,1928.07,1,1928.07,2023-09-05,Tarjeta,No
249,Auriculares,Computación,,1,1121.58,2023-09-06,Tarjeta,No
250,Tablet,Telefonía,1933.35,2,3866.7,2023-09-07,,No
251,Laptop,Telefonía,893.37,1,893.37,2023-09-08,Efectivo,Sí
252,Auriculares,Telefonía,658.04,1,658.04,2023-09-09,,Sí
253,Auriculares,Telefonía,1036.98,1,1036.98,2023-09-10,Transferencia,No
254,Tablet,Telefonía,907.05,3,27.211.499.999.999.900,2023-09-11,Efectivo,Sí
255,Laptop,Accesorios,256.05,1,256.05,2023-09-12,Transferencia,No
256,Tablet,Computación,1299.61,3,3898.83,2023-09-13,Transferencia,No
257,Laptop,Accesorios,471.27,1,471.27,2023-09-14,Efectivo,No
258,Smartwatch,Computación,1258.2,1,1258.2,2023-09-15,Tarjeta,Sí
259,Teléfono,Accesorios,1317.89,2,2635.78,2023-09-16,Efectivo,Sí
260,Teléfono,Telefonía,,3,1039.35,2023-09-17,Tarjeta,Sí
261,Teléfono,Computación,169.63,1,169.63,2023-09-18,Efectivo,No
262,Tablet,Computación,1572.49,3,4717.47,2023-09-19,Tarjeta,No
263,Smartwatch,Accesorios,946.61,3,2839.83,2023-09-20,Efectivo,Sí
264,Laptop,Accesorios,163.42,4,653.68,2023-09-21,Tarjeta,No
265,Auriculares,Computación,1989.99,2,3979.98,2023-09-22,Tarjeta,No
266,Laptop,Accesorios,162.67,2,325.34,2023-09-23,Tarjeta,Sí
267,Auriculares,Accesorios,1405.32,2,2810.64,2023-09-24,Tarjeta,No
268,Laptop,Accesorios,1968.17,4,7872.68,2023-09-25,Efectivo,No
269,Smartwatch,Telefonía,516.4,4,2065.6,2023-09-26,Efectivo,Sí
270,Auriculares,Telefonía,327.39,2,654.78,2023-09-27,Efectivo,Sí
271,Tablet,Accesorios,286.7,4,1146.8,2023-09-28,Tarjeta,No
272,Laptop,Accesorios,641.39,4,2565.56,2023-09-29,Tarjeta,No
273,Laptop,Telefonía,247.04,4,988.16,2023-09-30,Tarjeta,No
274,Auriculares,Telefonía,1399.71,2,2799.42,2023-10-01,Tarjeta,No
275,Tablet,Computación,171.47,2,342.94,2023-10-02,Transferencia,No
276,Tablet,Computación,1043.37,2,2086.74,2023-10-03,Tarjeta,Sí
277,Smartwatch,Telefonía,1993.56,4,7974.24,2023-10-04,Tarjeta,No
278,Tablet,Accesorios,1637.24,2,3274.48,2023-10-05,Tarjeta,No
279,Tablet,Accesorios,1249.68,4,4998.72,2023-10-06,Tarjeta,Sí
280,Tablet,Accesorios,647.19,1,647.19,2023-10-07,Efectivo,No
281,Teléfono,Accesorios,1266.6,4,5066.4,2023-10-08,Efectivo,No
282,Smartwatch,Computación,1077.73,3,3233.19,2023-10-09,Tarjeta,Sí
283,Laptop,Telefonía,880.86,2,1761.72,2023-10-10,Tarjeta,No
284,Auriculares,Accesorios,304.89,2,609.78,2023-10-11,Tarjeta,Sí
285,Laptop,Computación,1778.88,3,5336.64,2023-10-12,Tarjeta,Sí
286,Smartwatch,Accesorios,927.08,4,3708.32,2023-10-13,Tarjeta,Sí
287,Auriculares,Telefonía,429.51,1,429.51,2023-10-14,Transferencia,No
288,Smartwatch,Computación,767.13,3,2301.39,2023-10-15,Efectivo,No
289,Tablet,Telefonía,857.55,3,25.726.499.999.999.900,2023-10-16,Efectivo,Sí
290,Auriculares,Telefonía,1663.7,4,6654.8,2023-10-17,Tarjeta,No
291,Tablet,Computación,1480.55,2,2961.1,2023-10-18,Tarjeta,Sí
292,Laptop,Computación,1550.14,4,6200.56,2023-10-19,Efectivo,No
293,Laptop,Computación,71.51,3,21.453.000.000.000.000,2023-10-20,Efectivo,No
294,Auriculares,Computación,861.5,3,2584.5,2023-10-21,Efectivo,No
295,Auriculares,Computación,988.62,2,1977.24,2023-10-22,,No
296,Smartwatch,Computación,87.42,2,174.84,2023-10-23,,Sí
297,Smartwatch,Computación,556.64,2,1113.28,2023-10-24,Tarjeta,Sí
298,Tablet,Accesorios,1532.57,4,6130.28,2023-10-25,Transferencia,No
299,Auriculares,Telefonía,,2,634.72,2023-10-26,Efectivo,No
300,Laptop,Computación,1093.85,3,32.815.499.999.999.900,2023-10-27,Efectivo,Sí
301,Smartwatch,Accesorios,469.64,3,1408.92,2023-10-28,Tarjeta,Sí
302,Smartwatch,Accesorios,73.64,1,73.64,2023-10-29,Efectivo,Sí
303,Laptop,Accesorios,520.34,4,2081.36,2023-10-30,Tarjeta,No
304,Smartwatch,Telefonía,1952.95,1,1952.95,2023-10-31,Tarjeta,Sí
305,Tablet,Computación,1613.0,3,4839.0,2023-11-01,Tarjeta,No
306,Auriculares,Accesorios,1921.17,1,1921.17,2023-11-02,,No
307,Laptop,Telefonía,1001.32,3,3003.96,2023-11-03,Tarjeta,No
308,Auriculares,Telefonía,263.99,1,263.99,2023-11-04,Tarjeta,Sí
309,Smartwatch,Telefonía,1118.52,2,2237.04,2023-11-05,Transferencia,No
310,Smartwatch,Accesorios,936.04,1,936.04,2023-11-06,Tarjeta,Sí
311,Laptop,Computación,1696.5,2,3393.0,2023-11-07,Efectivo,No
312,Tablet,Accesorios,241.26,2,482.52,2023-11-08,Tarjeta,No
313,Teléfono,Accesorios,1002.07,4,4008.28,2023-11-09,Tarjeta,Sí
314,Laptop,Computación,342.59,2,685.18,2023-11-10,Efectivo,No
315,Teléfono,Computación,683.12,2,1366.24,2023-11-11,Tarjeta,No
316,Teléfono,Computación,1487.85,1,1487.85,2023-11-12,Tarjeta,No
317,Tablet,Telefonía,978.24,3,29.347.200.000.000.000,2023-11-13,Efectivo,Sí
318,Teléfono,Computación,782.98,4,3131.92,2023-11-14,Efectivo,No
319,Teléfono,Accesorios,,2,1638.46,2023-11-15,Efectivo,No
320,Tablet,Computación,945.92,4,3783.68,2023-11-16,Tarjeta,No
321,Teléfono,Accesorios,1580.78,1,1580.78,2023-11-17,Tarjeta,No
322,Teléfono,Telefonía,1789.57,2,3579.14,2023-11-18,Efectivo,Sí
323,Teléfono,Accesorios,1912.9,1,1912.9,2023-11-19,Efectivo,No
324,Laptop,Accesorios,1584.46,4,6337.84,2023-11-20,,No
325,Laptop,Computación,665.04,1,665.04,2023-11-21,Transferencia,No
326,Laptop,Computación,1391.86,4,5567.44,2023-11-22,Transferencia,No
327,Tablet,Accesorios,903.33,1,903.33,2023-11-23,,Sí
328,Smartwatch,Computación,,4,2186.44,2023-11-24,Tarjeta,Sí
329,Teléfono,Telefonía,1689.7,3,5069.1,2023-11-25,Efectivo,Sí
330,Teléfono,Telefonía,124.93,1,124.93,2023-11-26,Tarjeta,Sí
331,Tablet,Computación,1808.44,1,1808.44,2023-11-27,Tarjeta,No
332,Teléfono,Telefonía,,3,2849.64,2023-11-28,Transferencia,Sí
333,Laptop,Computación,1292.54,3,3877.62,2023-11-29,Transferencia,Sí
334,Smartwatch,Accesorios,1335.74,1,1335.74,2023-11-30,Tarjeta,No
335,Auriculares,Accesorios,1795.48,3,53.864.400.000.000.000,2023-12-01,Tarjeta,No
336,Teléfono,Telefonía,1291.51,2,2583.02,2023-12-02,Tarjeta,No
337,Laptop,Computación,1247.17,4,4988.68,2023-12-03,Transferencia,No
338,Auriculares,Computación,,4,719.88,2023-12-04,Transferencia,Sí
339,Smartwatch,Telefonía,1060.9,4,4243.6,2023-12-05,,No
340,Auriculares,Accesorios,342.83,2,685.66,2023-12-06,Tarjeta,No
341,Laptop,Telefonía,1488.0,3,4464.0,2023-12-07,Transferencia,Sí
342,Auriculares,Accesorios,1048.83,3,3146.49,2023-12-08,Tarjeta,No
343,Tablet,Computación,1376.44,1,1376.44,2023-12-09,Efectivo,No
344,Auriculares,Accesorios,131.26,3,393.78,2023-12-10,Transferencia,Sí
345,Teléfono,Telefonía,215.34,1,215.34,2023-12-11,Tarjeta,Sí
346,Teléfono,Computación,1446.83,2,2893.66,2023-12-12,,Sí
347,Tablet,Telefonía,190.56,4,762.24,2023-12-13,Tarjeta,Sí
348,Laptop,Telefonía,188.95,4,755.8,2023-12-14,Tarjeta,No
349,Teléfono,Accesorios,73.61,4,294.44,2023-12-15,Transferencia,No
350,Smartwatch,Telefonía,1915.18,3,5745.54,2023-12-16,Tarjeta,Sí
351,Teléfono,Accesorios,1488.14,1,1488.14,2023-12-17,Transferencia,No
352,Teléfono,Computación,738.84,1,738.84,2023-12-18,Efectivo,No
353,Laptop,Accesorios,628.24,2,1256.48,2023-12-19,,No
354,Auriculares,Computación,731.92,3,21.957.599.999.999.900,2023-12-20,Tarjeta,No
355,Teléfono,Accesorios,1560.57,2,3121.14,2023-12-21,Tarjeta,Sí
356,Tablet,Telefonía,1339.67,1,1339.67,2023-12-22,Tarjeta,No
357,Auriculares,Accesorios,411.13,1,411.13,2023-12-23,Tarjeta,No
358,Smartwatch,Accesorios,389.51,4,1558.04,2023-12-24,Tarjeta,No
359,Laptop,Computación,241.87,3,725.61,2023-12-25,Tarjeta,No
360,Smartwatch,Telefonía,1337.59,1,1337.59,2023-12-26,Efectivo,Sí
361,Auriculares,Accesorios,1540.53,4,6162.12,2023-12-27,Efectivo,No
362,Auriculares,Telefonía,566.84,3,1700.52,2023-12-28,Efectivo,Sí
363,Auriculares,Accesorios,90.84,2,181.68,2023-12-29,Tarjeta,No
364,Smartwatch,Accesorios,210.23,3,6.306.899.999.999.990,2023-12-30,Tarjeta,No
365,Auriculares,Telefonía,1937.33,3,5811.99,2023-12-31,Efectivo,Sí
366,Smartwatch,Accesorios,626.12,1,626.12,2024-01-01,Tarjeta,No
367,Auriculares,Telefonía,1549.99,1,1549.99,2024-01-02,Tarjeta,Sí
368,Tablet,Accesorios,1268.09,3,38.042.699.999.999.900,2024-01-03,Transferencia,No
369,Auriculares,Computación,794.78,1,794.78,2024-01-04,Efectivo,No
370,Smartwatch,Telefonía,451.09,1,451.09,2024-01-05,Efectivo,No
371,Teléfono,Accesorios,286.7,1,286.7,2024-01-06,Tarjeta,No
372,Auriculares,Accesorios,1249.28,4,4997.12,2024-01-07,Efectivo,No
373,Teléfono,Computación,1560.54,4,6242.16,2024-01-08,Efectivo,No
374,Tablet,Telefonía,1305.61,3,3916.83,2024-01-09,Efectivo,No
375,Laptop,Accesorios,1084.09,1,1084.09,2024-01-10,Efectivo,No
376,Tablet,Computación,131.8,4,527.2,2024-01-11,Transferencia,Sí
377,Auriculares,Accesorios,1938.55,3,5815.65,2024-01-12,Efectivo,No
378,Teléfono,Telefonía,1607.49,1,1607.49,2024-01-13,Tarjeta,Sí
379,Teléfono,Accesorios,621.0,2,1242.0,2024-01-14,Efectivo,No
380,Smartwatch,Accesorios,1960.94,1,1960.94,2024-01-15,Efectivo,Sí
381,Teléfono,Accesorios,,1,1223.67,2024-01-16,Efectivo,Sí
382,Smartwatch,Accesorios,1185.72,4,4742.88,2024-01-17,Tarjeta,No
383,Laptop,Computación,1508.74,3,4526.22,2024-01-18,Tarjeta,No
384,Auriculares,Computación,1632.95,3,4898.85,2024-01-19,Transferencia,Sí
385,Smartwatch,Telefonía,1330.13,4,5320.52,2024-01-20,Efectivo,Sí
386,Laptop,Computación,299.79,1,299.79,2024-01-21,Transferencia,No
387,Teléfono,Computación,709.62,2,1419.24,2024-01-22,Efectivo,No
388,Teléfono,Telefonía,1859.76,1,1859.76,2024-01-23,Efectivo,Sí
389,Laptop,Computación,488.0,1,488.0,2024-01-24,Efectivo,Sí
390,Teléfono,Computación,775.73,2,1551.46,2024-01-25,Transferencia,No
391,Laptop,Telefonía,892.55,4,3570.2,2024-01-26,Efectivo,Sí
392,Smartwatch,Telefonía,906.84,3,2720.52,2024-01-27,Efectivo,No
393,Smartwatch,Telefonía,1245.23,4,4980.92,2024-01-28,Tarjeta,No
394,Laptop,Accesorios,1889.0,4,7556.0,2024-01-29,Tarjeta,No
395,Smartwatch,Accesorios,519.35,1,519.35,2024-01-30,Efectivo,Sí
396,Smartwatch,Telefonía,286.93,3,860.79,2024-01-31,Tarjeta,No
397,Smartwatch,Telefonía,435.07,3,1305.21,2024-02-01,Tarjeta,No
398,Tablet,Telefonía,1779.5,4,7118.0,2024-02-02,Tarjeta,No
399,Auriculares,Accesorios,1309.33,2,2618.66,2024-02-03,Tarjeta,No
400,Teléfono,Accesorios,607.52,4,2430.08,2024-02-04,,No
401,Tablet,Computación,1641.1,2,3282.2,2024-02-05,Tarjeta,No
402,Smartwatch,Computación,1729.67,3,5189.01,2024-02-06,Transferencia,No
403,Laptop,Telefonía,1700.7,4,6802.8,2024-02-07,Efectivo,No
404,Smartwatch,Accesorios,1841.91,1,1841.91,2024-02-08,Tarjeta,No
405,Auriculares,Accesorios,541.87,4,2167.48,2024-02-09,Tarjeta,No
406,Smartwatch,Accesorios,1522.33,3,4566.99,2024-02-10,Efectivo,Sí
407,Laptop,Telefonía,948.05,1,948.05,2024-02-11,Tarjeta,No
408,Auriculares,Computación,1691.9,1,1691.9,2024-02-12,Transferencia,No
409,Smartwatch,Telefonía,1470.56,2,2941.12,2024-02-13,Efectivo,Sí
410,Auriculares,Computación,1564.07,1,1564.07,2024-02-14,Efectivo,Sí
411,Teléfono,Computación,,1,1329.52,2024-02-15,Tarjeta,No
412,Teléfono,Telefonía,395.99,4,1583.96,2024-02-16,Efectivo,No
413,Smartwatch,Computación,,3,33.383.999.999.999.900,2024-02-17,Tarjeta,No
414,Auriculares,Computación,1970.11,2,3940.22,2024-02-18,Transferencia,Sí
415,Laptop,Accesorios,1877.91,4,7511.64,2024-02-19,Efectivo,No
416,Smartwatch,Computación,134.19,1,134.19,2024-02-20,Tarjeta,Sí
417,Teléfono,Telefonía,371.39,1,371.39,2024-02-21,,No
418,Teléfono,Telefonía,306.87,2,613.74,2024-02-22,Tarjeta,Sí
419,Smartwatch,Computación,1465.66,3,43.969.800.000.000.000,2024-02-23,Efectivo,Sí
420,Auriculares,Accesorios,1644.68,2,3289.36,2024-02-24,Tarjeta,Sí
421,Teléfono,Accesorios,466.35,4,1865.4,2024-02-25,Efectivo,Sí
422,Auriculares,Computación,1036.41,2,2072.82,2024-02-26,Tarjeta,Sí
423,Teléfono,Computación,1689.37,1,1689.37,2024-02-27,Efectivo,Sí
424,Teléfono,Telefonía,1478.96,4,5915.84,2024-02-28,Transferencia,No
425,Tablet,Computación,1107.36,1,1107.36,2024-02-29,Efectivo,No
426,Teléfono,Accesorios,1201.18,3,3603.54,2024-03-01,Efectivo,Sí
427,Laptop,Computación,1041.3,1,1041.3,2024-03-02,Tarjeta,No
428,Smartwatch,Telefonía,630.22,1,630.22,2024-03-03,Tarjeta,Sí
429,Smartwatch,Telefonía,1151.79,2,2303.58,2024-03-04,Efectivo,No
430,Auriculares,Telefonía,,1,1393.33,2024-03-05,Tarjeta,Sí
431,Teléfono,Telefonía,1752.98,4,7011.92,2024-03-06,Tarjeta,Sí
432,Laptop,Telefonía,,4,5163.08,2024-03-07,Tarjeta,No
433,Auriculares,Computación,1534.19,3,4602.57,2024-03-08,Tarjeta,No
434,Tablet,Computación,362.14,4,1448.56,2024-03-09,Tarjeta,No
435,Auriculares,Computación,950.04,2,1900.08,2024-03-10,Transferencia,No
436,Auriculares,Computación,68.2,3,20.460.000.000.000.000,2024-03-11,Tarjeta,No
437,Teléfono,Telefonía,531.02,4,2124.08,2024-03-12,Efectivo,Sí
438,Tablet,Accesorios,1466.6,2,2933.2,2024-03-13,Tarjeta,Sí
439,Auriculares,Computación,1984.03,4,7936.12,2024-03-14,Efectivo,Sí
440,Laptop,Accesorios,243.4,4,973.6,2024-03-15,Tarjeta,Sí
441,Laptop,Computación,832.91,1,832.91,2024-03-16,Transferencia,No
442,Smartwatch,Computación,1610.14,4,6440.56,2024-03-17,Transferencia,No
443,Tablet,Accesorios,447.87,4,1791.48,2024-03-18,Tarjeta,Sí
444,Tablet,Telefonía,1132.42,2,2264.84,2024-03-19,Transferencia,No
445,Smartwatch,Computación,1479.49,2,2958.98,2024-03-20,Transferencia,No
446,Auriculares,Computación,1251.17,1,1251.17,2024-03-21,Transferencia,Sí
447,Tablet,Computación,416.65,4,1666.6,2024-03-22,Transferencia,Sí
448,Laptop,Accesorios,743.0,1,743.0,2024-03-23,Tarjeta,Sí
449,Laptop,Telefonía,,4,6313.56,2024-03-24,Efectivo,Sí
450,Teléfono,Accesorios,1130.74,3,33.922.200.000.000.000,2024-03-25,Tarjeta,Sí
451,Tablet,Accesorios,60.2,3,18.060.000.000.000.000,2024-03-26,Tarjeta,No
452,Auriculares,Telefonía,1533.93,1,1533.93,2024-03-27,Transferencia,Sí
453,Smartwatch,Accesorios,118.86,1,118.86,2024-03-28,Tarjeta,Sí
454,Smartwatch,Telefonía,1504.18,1,1504.18,2024-03-29,Efectivo,No
455,Auriculares,Computación,444.84,2,889.68,2024-03-30,Transferencia,No
456,Teléfono,Telefonía,1918.24,2,3836.48,2024-03-31,Transferencia,No
457,Smartwatch,Computación,767.48,2,1534.96,2024-04-01,Transferencia,Sí
458,Tablet,Accesorios,687.52,1,687.52,2024-04-02,Tarjeta,Sí
459,Teléfono,Accesorios,340.33,4,1361.32,2024-04-03,Tarjeta,No
460,Tablet,Computación,645.93,3,1937.79,2024-04-04,Tarjeta,Sí
461,Laptop,Accesorios,1759.47,1,1759.47,2024-04-05,Tarjeta,Sí
462,Teléfono,Telefonía,1992.85,2,3985.7,2024-04-06,Tarjeta,No
463,Smartwatch,Computación,768.2,2,1536.4,2024-04-07,Tarjeta,No
464,Teléfono,Accesorios,924.79,1,924.79,2024-04-08,Efectivo,No
465,Teléfono,Computación,1458.04,1,1458.04,2024-04-09,Efectivo,No
466,Teléfono,Telefonía,1778.08,2,3556.16,2024-04-10,Tarjeta,No
467,Teléfono,Telefonía,1206.44,4,4825.76,2024-04-11,Efectivo,Sí
468,Tablet,Accesorios,813.48,2,1626.96,2024-04-12,Tarjeta,Sí
469,Laptop,Telefonía,854.61,2,1709.22,2024-04-13,Tarjeta,Sí
470,Auriculares,Computación,,1,1406.46,2024-04-14,Efectivo,Sí
471,Teléfono,Telefonía,56.28,4,225.12,2024-04-15,Efectivo,No
472,Smartwatch,Computación,1258.2,2,2516.4,2024-04-16,Efectivo,No
473,Teléfono,Computación,743.21,2,1486.42,2024-04-17,Tarjeta,No
474,Smartwatch,Telefonía,1598.68,3,4796.04,2024-04-18,Transferencia,Sí
475,Tablet,Accesorios,231.33,1,231.33,2024-04-19,,Sí
476,Smartwatch,Telefonía,1196.99,3,35.909.700.000.000.000,2024-04-20,Efectivo,Sí
477,Auriculares,Computación,987.9,3,2963.7,2024-04-21,Efectivo,Sí
478,Laptop,Computación,1302.53,2,2605.06,2024-04-22,Transferencia,Sí
479,Smartwatch,Telefonía,176.46,1,176.46,2024-04-23,Efectivo,No
480,Smartwatch,Accesorios,1180.97,4,4723.88,2024-04-24,Efectivo,No
481,Laptop,Accesorios,1144.89,2,2289.78,2024-04-25,Transferencia,No
482,Auriculares,Computación,1143.29,4,4573.16,2024-04-26,Efectivo,No
483,Teléfono,Computación,1226.8,4,4907.2,2024-04-27,Tarjeta,No
484,Smartwatch,Accesorios,1369.11,1,1369.11,2024-04-28,Efectivo,Sí
485,Laptop,Telefonía,1619.73,3,48.591.900.000.000.000,2024-04-29,,Sí
486,Tablet,Computación,576.15,1,576.15,2024-04-30,Tarjeta,Sí
487,Laptop,Computación,1658.85,4,6635.4,2024-05-01,Efectivo,No
488,Tablet,Accesorios,1021.6,2,2043.2,2024-05-02,Transferencia,No
489,Auriculares,Telefonía,200.26,4,801.04,2024-05-03,Transferencia,Sí
490,Teléfono,Accesorios,164.17,2,328.34,2024-05-04,,No
491,Laptop,Telefonía,701.76,2,1403.52,2024-05-05,Efectivo,No
492,Smartwatch,Telefonía,1580.55,1,1580.55,2024-05-06,Tarjeta,Sí
493,Auriculares,Telefonía,1429.98,4,5719.92,2024-05-07,Transferencia,Sí
494,Laptop,Computación,1587.8,3,4763.4,2024-05-08,Transferencia,No
495,Smartwatch,Accesorios,1058.67,4,4234.68,2024-05-09,Efectivo,No
496,Laptop,Accesorios,908.39,4,3633.56,2024-05-10,Transferencia,Sí
497,Tablet,Telefonía,337.53,3,10.125.899.999.999.900,2024-05-11,Efectivo,No
498,Laptop,Computación,689.98,1,689.98,2024-05-12,Efectivo,Sí
499,Laptop,Computación,896.34,4,3585.36,2024-05-13,Tarjeta,No
500,Laptop,Accesorios,222.77,4,891.08,2024-05-14,Tarjeta,No
501,Auriculares,Computación,480.19,2,960.38,2024-05-15,Efectivo,No
502,Laptop,Computación,,4,4866.16,2024-05-16,Efectivo,No
503,Smartwatch,Telefonía,1484.54,3,4453.62,2024-05-17,Tarjeta,No
504,Tablet,Computación,1996.78,2,3993.56,2024-05-18,Transferencia,No
505,Tablet,Telefonía,1869.57,1,1869.57,2024-05-19,Tarjeta,Sí
506,Laptop,Accesorios,1303.0,2,2606.0,2024-05-20,Efectivo,No
507,Auriculares,Computación,871.43,3,2614.29,2024-05-21,Efectivo,Sí
508,Auriculares,Accesorios,1290.55,3,38.716.499.999.999.900,2024-05-22,Efectivo,No
509,Smartwatch,Accesorios,1582.02,2,3164.04,2024-05-23,Efectivo,No
510,Laptop,Computación,280.76,1,280.76,2024-05-24,Tarjeta,No
511,Tablet,Computación,849.31,2,1698.62,2024-05-25,Tarjeta,No
512,Auriculares,Accesorios,1687.61,1,1687.61,2024-05-26,Efectivo,No
513,Laptop,Computación,798.47,2,1596.94,2024-05-27,Efectivo,Sí
514,Auriculares,Telefonía,1165.15,3,34.954.500.000.000.000,2024-05-28,Tarjeta,No
515,Auriculares,Telefonía,1196.15,4,4784.6,2024-05-29,Efectivo,Sí
516,Tablet,Computación,409.73,4,1638.92,2024-05-30,Tarjeta,Sí
517,Teléfono,Accesorios,756.36,1,756.36,2024-05-31,Efectivo,Sí
518,Smartwatch,Computación,702.3,1,702.3,2024-06-01,Transferencia,No
519,Smartwatch,Computación,101.08,1,101.08,2024-06-02,Tarjeta,No
520,Tablet,Accesorios,97.17,3,291.51,2024-06-03,Tarjeta,No
521,Auriculares,Accesorios,1671.81,2,3343.62,2024-06-04,Efectivo,No
522,Laptop,Telefonía,582.49,3,1747.47,2024-06-05,Efectivo,Sí
523,Auriculares,Accesorios,1060.25,4,4241.0,2024-06-06,Efectivo,Sí
524,Tablet,Telefonía,632.51,1,632.51,2024-06-07,Transferencia,No
525,Smartwatch,Accesorios,1884.32,2,3768.64,2024-06-08,,No
526,Auriculares,Computación,555.63,4,2222.52,2024-06-09,Transferencia,No
527,Smartwatch,Telefonía,887.83,4,3551.32,2024-06-10,Efectivo,Sí
528,Laptop,Telefonía,1751.82,4,7007.28,2024-06-11,Tarjeta,No
529,Smartwatch,Telefonía,1691.77,3,50.753.099.999.999.900,2024-06-12,Tarjeta,No
530,Smartwatch,Computación,412.9,1,412.9,2024-06-13,Tarjeta,Sí
531,Teléfono,Computación,1615.15,4,6460.6,2024-06-14,Efectivo,No
532,Teléfono,Computación,943.46,1,943.46,2024-06-15,Tarjeta,No
533,Teléfono,Computación,991.79,3,2975.37,2024-06-16,Transferencia,No
534,Smartwatch,Computación,310.29,4,1241.16,2024-06-17,Efectivo,Sí
535,Tablet,Telefonía,207.17,3,621.51,2024-06-18,Efectivo,No
536,Smartwatch,Computación,,3,44.084.400.000.000.000,2024-06-19,Tarjeta,Sí
537,Tablet,Telefonía,1018.1,1,1018.1,2024-06-20,Tarjeta,Sí
538,Tablet,Computación,901.86,4,3607.44,2024-06-21,Tarjeta,No
539,Teléfono,Accesorios,1472.54,3,4417.62,2024-06-22,Tarjeta,No
540,Auriculares,Telefonía,1542.75,4,6171.0,2024-06-23,Tarjeta,Sí
541,Laptop,Accesorios,359.87,1,359.87,2024-06-24,Efectivo,No
542,Teléfono,Telefonía,1239.94,3,3719.82,2024-06-25,Transferencia,No
543,Teléfono,Accesorios,313.94,1,313.94,2024-06-26,Transferencia,No
544,Auriculares,Computación,1515.18,4,6060.72,2024-06-27,Efectivo,No
545,Laptop,Computación,1331.06,4,5324.24,2024-06-28,Tarjeta,No
546,Smartwatch,Computación,1915.4,1,1915.4,2024-06-29,Transferencia,No
547,Smartwatch,Telefonía,184.47,2,368.94,2024-06-30,Transferencia,Sí
548,Teléfono,Accesorios,161.26,3,483.78,2024-07-01,Tarjeta,Sí
549,Laptop,Computación,600.26,4,2401.04,2024-07-02,Efectivo,No
550,Teléfono,Accesorios,,4,2241.32,2024-07-03,Tarjeta,No
551,Tablet,Accesorios,531.61,3,1594.83,2024-07-04,Transferencia,No
552,Teléfono,Computación,1817.2,1,1817.2,2024-07-05,Transferencia,Sí
553,Teléfono,Computación,536.62,1,536.62,2024-07-06,Tarjeta,Sí
554,Smartwatch,Accesorios,580.3,1,580.3,2024-07-07,Transferencia,No
555,Smartwatch,Computación,,2,3061.66,2024-07-08,Efectivo,Sí
556,Smartwatch,Computación,926.99,2,1853.98,2024-07-09,Transferencia,No
557,Tablet,Computación,1564.59,4,6258.36,2024-07-10,Tarjeta,Sí
558,Smartwatch,Telefonía,177.46,1,177.46,2024-07-11,Transferencia,No
559,Laptop,Accesorios,1000.76,3,30.022.799.999.999.900,2024-07-12,Tarjeta,No
560,Auriculares,Accesorios,115.55,4,462.2,2024-07-13,Tarjeta,Sí
561,Laptop,Telefonía,172.17,3,516.51,2024-07-14,Tarjeta,No
562,Laptop,Accesorios,1817.55,4,7270.2,2024-07-15,Transferencia,Sí
563,Smartwatch,Computación,321.53,2,643.06,2024-07-16,Transferencia,No
564,Auriculares,Accesorios,1088.22,4,4352.88,2024-07-17,Transferencia,No
565,Auriculares,Computación,851.64,2,1703.28,2024-07-18,Transferencia,No
566,Auriculares,Telefonía,727.32,4,2909.28,2024-07-19,,No
567,Tablet,Computación,1804.68,1,1804.68,2024-07-20,Tarjeta,No
568,Smartwatch,Accesorios,92.56,3,277.68,2024-07-21,Tarjeta,Sí
569,Auriculares,Accesorios,,1,1344.39,2024-07-22,Tarjeta,Sí
570,Tablet,Accesorios,1928.62,4,7714.48,2024-07-23,Tarjeta,No
571,Teléfono,Telefonía,,4,4569.32,2024-07-24,Tarjeta,No
572,Teléfono,Telefonía,1876.8,4,7507.2,2024-07-25,Tarjeta,No
573,Tablet,Accesorios,151.9,2,303.8,2024-07-26,Tarjeta,No
574,Tablet,Computación,866.65,3,2599.95,2024-07-27,Tarjeta,No
575,Smartwatch,Telefonía,557.31,3,16.719.299.999.999.900,2024-07-28,Tarjeta,No
576,Smartwatch,Accesorios,1475.1,4,5900.4,2024-07-29,Transferencia,No
577,Teléfono,Accesorios,1963.53,4,7854.12,2024-07-30,Efectivo,No
578,Auriculares,Telefonía,550.23,2,1100.46,2024-07-31,Transferencia,No
579,Teléfono,Telefonía,1325.64,1,1325.64,2024-08-01,Tarjeta,Sí
580,Auriculares,Telefonía,436.29,1,436.29,2024-08-02,Tarjeta,Sí
581,Auriculares,Computación,1152.39,3,3457.17,2024-08-03,Efectivo,Sí
582,Smartwatch,Computación,954.67,2,1909.34,2024-08-04,Tarjeta,Sí
583,Laptop,Accesorios,1945.41,4,7781.64,2024-08-05,Tarjeta,Sí
584,Laptop,Telefonía,1236.63,3,37.098.900.000.000.000,2024-08-06,,No
585,Tablet,Computación,731.54,2,1463.08,2024-08-07,Tarjeta,No
586,Smartwatch,Telefonía,272.49,1,272.49,2024-08-08,Tarjeta,No
587,Auriculares,Accesorios,344.93,2,689.86,2024-08-09,Tarjeta,No
588,Laptop,Computación,489.37,1,489.37,2024-08-10,Efectivo,Sí
589,Auriculares,Computación,539.38,2,1078.76,2024-08-11,Tarjeta,Sí
590,Laptop,Computación,1708.7,3,5126.1,2024-08-12,Tarjeta,Sí
591,Laptop,Accesorios,1144.38,1,1144.38,2024-08-13,Transferencia,No
592,Laptop,Telefonía,1070.61,3,3211.83,2024-08-14,Tarjeta,Sí
593,Smartwatch,Computación,,3,8.214.000.000.000.000,2024-08-15,Tarjeta,Sí
594,Teléfono,Accesorios,1727.27,1,1727.27,2024-08-16,Transferencia,No
595,Auriculares,Telefonía,1459.49,1,1459.49,2024-08-17,Tarjeta,No
596,Smartwatch,Accesorios,181.95,4,727.8,2024-08-18,Tarjeta,Sí
597,Smartwatch,Telefonía,,4,5721.12,2024-08-19,Tarjeta,No
598,Smartwatch,Accesorios,1109.9,4,4439.6,2024-08-20,Tarjeta,No
599,Smartwatch,Telefonía,209.36,3,628.08,2024-08-21,Efectivo,No
600,Smartwatch,Computación,,3,2831.07,2024-08-22,Transferencia,No
601,Tablet,Telefonía,995.16,4,3980.64,2024-08-23,Tarjeta,Sí
602,Auriculares,Accesorios,373.26,3,1119.78,2024-08-24,Efectivo,Sí
603,Smartwatch,Accesorios,1894.11,3,5682.33,2024-08-25,Efectivo,No
604,Auriculares,Telefonía,1707.45,1,1707.45,2024-08-26,Tarjeta,No
605,Tablet,Computación,1354.59,1,1354.59,2024-08-27,Efectivo,No
606,Tablet,Computación,951.48,3,2854.44,2024-08-28,Tarjeta,No
607,Auriculares,Telefonía,852.94,4,3411.76,2024-08-29,Tarjeta,No
608,Laptop,Telefonía,1319.4,2,2638.8,2024-08-30,Tarjeta,No
609,Teléfono,Accesorios,1113.59,4,4454.36,2024-08-31,Tarjeta,No
610,Laptop,Computación,171.43,2,342.86,2024-09-01,Tarjeta,No
611,Laptop,Telefonía,1049.38,4,4197.52,2024-09-02,Transferencia,Sí
612,Laptop,Computación,1622.49,1,1622.49,2024-09-03,Tarjeta,No
613,Smartwatch,Telefonía,945.52,3,2836.56,2024-09-04,Tarjeta,Sí
614,Tablet,Telefonía,151.32,3,453.96,2024-09-05,Tarjeta,Sí
615,Laptop,Computación,1583.24,1,1583.24,2024-09-06,Efectivo,No
616,Tablet,Telefonía,442.66,2,885.32,2024-09-07,Efectivo,Sí
617,Auriculares,Telefonía,554.31,2,1108.62,2024-09-08,Efectivo,Sí
618,Teléfono,Accesorios,371.18,2,742.36,2024-09-09,Efectivo,Sí
619,Auriculares,Telefonía,693.92,1,693.92,2024-09-10,Transferencia,No
620,Auriculares,Telefonía,1525.67,2,3051.34,2024-09-11,Tarjeta,No
621,Smartwatch,Telefonía,1062.8,1,1062.8,2024-09-12,Efectivo,No
622,Teléfono,Accesorios,449.52,4,1798.08,2024-09-13,Transferencia,Sí
623,Auriculares,Computación,1761.77,4,7047.08,2024-09-14,,No
624,Auriculares,Accesorios,1765.18,1,1765.18,2024-09-15,Transferencia,No
625,Teléfono,Accesorios,1747.63,3,5242.89,2024-09-16,Tarjeta,Sí
626,Teléfono,Computación,515.65,4,2062.6,2024-09-17,Tarjeta,No
627,Auriculares,Accesorios,929.92,2,1859.84,2024-09-18,Tarjeta,Sí
628,Teléfono,Computación,1970.73,1,1970.73,2024-09-19,Efectivo,No
629,Auriculares,Accesorios,1555.42,2,3110.84,2024-09-20,Tarjeta,No
630,Auriculares,Computación,102.98,2,205.96,2024-09-21,,No
631,Smartwatch,Telefonía,177.15,3,531.45,2024-09-22,Transferencia,Sí
632,Laptop,Accesorios,954.67,2,1909.34,2024-09-23,Tarjeta,No
633,Auriculares,Accesorios,1822.98,3,54.689.400.000.000.000,2024-09-24,,No
634,Tablet,Accesorios,1100.47,4,4401.88,2024-09-25,Tarjeta,No
635,Laptop,Accesorios,1020.73,1,1020.73,2024-09-26,Tarjeta,No
636,Laptop,Telefonía,255.67,2,511.34,2024-09-27,Tarjeta,Sí
637,Laptop,Accesorios,1330.72,1,1330.72,2024-09-28,Efectivo,Sí
638,Smartwatch,Telefonía,1653.1,2,3306.2,2024-09-29,Tarjeta,No
639,Auriculares,Telefonía,791.82,1,791.82,2024-09-30,Tarjeta,No
640,Smartwatch,Telefonía,1562.44,2,3124.88,2024-10-01,Transferencia,No
641,Auriculares,Telefonía,1930.73,2,3861.46,2024-10-02,Tarjeta,Sí
642,Smartwatch,Computación,447.34,2,894.68,2024-10-03,Efectivo,No
643,Smartwatch,Computación,1070.49,2,2140.98,2024-10-04,Efectivo,Sí
644,Tablet,Accesorios,609.92,2,1219.84,2024-10-05,Tarjeta,No
645,Smartwatch,Computación,1596.07,2,3192.14,2024-10-06,Efectivo,No
646,Teléfono,Computación,,2,2352.62,2024-10-07,Tarjeta,No
647,Tablet,Accesorios,1287.44,2,2574.88,2024-10-08,Efectivo,Sí
648,Smartwatch,Accesorios,1605.93,2,3211.86,2024-10-09,Tarjeta,No
649,Laptop,Accesorios,822.14,1,822.14,2024-10-10,Efectivo,Sí
650,Teléfono,Computación,1834.43,3,5503.29,2024-10-11,Tarjeta,Sí
651,Teléfono,Computación,1089.41,2,2178.82,2024-10-12,Efectivo,No
652,Teléfono,Accesorios,358.01,3,1074.03,2024-10-13,Tarjeta,No
653,Tablet,Telefonía,,2,2814.0,2024-10-14,Tarjeta,Sí
654,Smartwatch,Accesorios,1596.86,2,3193.72,2024-10-15,Tarjeta,No
655,Smartwatch,Telefonía,667.69,1,667.69,2024-10-16,Tarjeta,No
656,Laptop,Telefonía,1721.5,4,6886.0,2024-10-17,Transferencia,No
657,Laptop,Accesorios,1816.98,4,7267.92,2024-10-18,Tarjeta,Sí
658,Teléfono,Accesorios,589.96,1,589.96,2024-10-19,Transferencia,No
659,Laptop,Accesorios,1967.87,3,5903.61,2024-10-20,Transferencia,Sí
660,Tablet,Computación,324.39,4,1297.56,2024-10-21,Efectivo,Sí
661,Smartwatch,Telefonía,443.93,1,443.93,2024-10-22,Tarjeta,Sí
662,Teléfono,Computación,409.24,1,409.24,2024-10-23,Tarjeta,No
663,Laptop,Computación,1793.28,4,7173.12,2024-10-24,Efectivo,Sí
664,Tablet,Accesorios,1325.87,3,39.776.099.999.999.900,2024-10-25,Tarjeta,Sí
665,Tablet,Computación,346.6,1,346.6,2024-10-26,Tarjeta,Sí
666,Laptop,Accesorios,908.63,2,1817.26,2024-10-27,Efectivo,No
667,Smartwatch,Telefonía,1249.83,3,3749.49,2024-10-28,Transferencia,No
668,Laptop,Accesorios,212.75,3,638.25,2024-10-29,Efectivo,Sí
669,Teléfono,Computación,1770.71,4,7082.84,2024-10-30,Tarjeta,No
670,Laptop,Computación,1617.03,4,6468.12,2024-10-31,Efectivo,No
671,Tablet,Accesorios,1035.15,2,2070.3,2024-11-01,Tarjeta,No
672,Laptop,Accesorios,1935.9,1,1935.9,2024-11-02,Tarjeta,Sí
673,Smartwatch,Computación,864.63,4,3458.52,2024-11-03,Transferencia,No
674,Auriculares,Telefonía,1969.02,4,7876.08,2024-11-04,Tarjeta,No
675,Laptop,Telefonía,1352.44,3,4057.32,2024-11-05,Tarjeta,No
676,Smartwatch,Accesorios,1287.61,4,5150.44,2024-11-06,Tarjeta,Sí
677,Smartwatch,Telefonía,373.61,4,1494.44,2024-11-07,Transferencia,No
678,Tablet,Computación,,4,7079.04,2024-11-08,Efectivo,No
679,Smartwatch,Accesorios,883.6,4,3534.4,2024-11-09,Efectivo,No
680,Smartwatch,Computación,366.36,3,1099.08,2024-11-10,Efectivo,Sí
681,Smartwatch,Computación,,2,149.16,2024-11-11,Tarjeta,Sí
682,Smartwatch,Telefonía,1141.52,2,2283.04,2024-11-12,Tarjeta,No
683,Teléfono,Accesorios,,1,1078.43,2024-11-13,Tarjeta,No
684,Teléfono,Accesorios,1452.74,4,5810.96,2024-11-14,,Sí
685,Tablet,Telefonía,1786.0,3,5358.0,2024-11-15,Tarjeta,No
686,Laptop,Computación,204.84,1,204.84,2024-11-16,Transferencia,Sí
687,Smartwatch,Computación,1476.42,1,1476.42,2024-11-17,Tarjeta,No
688,Laptop,Computación,415.45,2,830.9,2024-11-18,Tarjeta,No
689,Laptop,Computación,1723.45,3,5170.35,2024-11-19,Tarjeta,No
690,Tablet,Accesorios,1647.17,3,4941.51,2024-11-20,Tarjeta,No
691,Smartwatch,Accesorios,1104.55,3,33.136.499.999.999.900,2024-11-21,Transferencia,Sí
692,Smartwatch,Telefonía,1434.97,2,2869.94,2024-11-22,Tarjeta,No
693,Auriculares,Telefonía,662.98,2,1325.96,2024-11-23,Tarjeta,Sí
694,Laptop,Accesorios,968.78,2,1937.56,2024-11-24,Efectivo,No
695,Laptop,Accesorios,1652.19,2,3304.38,2024-11-25,Tarjeta,No
696,Teléfono,Computación,945.57,2,1891.14,2024-11-26,,No
697,Auriculares,Computación,,4,2990.84,2024-11-27,Tarjeta,Sí
698,Teléfono,Telefonía,1013.71,4,4054.84,2024-11-28,,No
699,Teléfono,Accesorios,1665.09,3,49.952.699.999.999.900,2024-11-29,Transferencia,Sí
700,Teléfono,Telefonía,703.66,1,703.66,2024-11-30,Efectivo,Sí
701,Tablet,Accesorios,388.84,3,1166.52,2024-12-01,Tarjeta,No
702,Tablet,Computación,,1,1438.43,2024-12-02,Transferencia,No
703,Teléfono,Telefonía,,2,3321.32,2024-12-03,Tarjeta,No
704,Auriculares,Telefonía,246.24,1,246.24,2024-12-04,Tarjeta,Sí
705,Laptop,Accesorios,517.75,3,1553.25,2024-12-05,Tarjeta,Sí
706,Auriculares,Computación,326.85,3,9.805.500.000.000.000,2024-12-06,Tarjeta,No
707,Smartwatch,Telefonía,728.49,1,728.49,2024-12-07,,No
708,Tablet,Computación,928.18,4,3712.72,2024-12-08,Efectivo,Sí
709,Laptop,Telefonía,1510.21,2,3020.42,2024-12-09,,No
710,Laptop,Computación,1319.74,2,2639.48,2024-12-10,Efectivo,No
711,Smartwatch,Accesorios,1260.81,3,3782.43,2024-12-11,Efectivo,No
712,Smartwatch,Telefonía,737.13,4,2948.52,2024-12-12,Tarjeta,No
713,Teléfono,Telefonía,1690.82,1,1690.82,2024-12-13,Tarjeta,No
714,Tablet,Computación,969.01,2,1938.02,2024-12-14,,No
715,Tablet,Computación,1959.25,4,7837.0,2024-12-15,Tarjeta,No
716,Auriculares,Telefonía,1286.58,2,2573.16,2024-12-16,Transferencia,Sí
717,Teléfono,Accesorios,296.22,4,1184.88,2024-12-17,Tarjeta,No
718,Teléfono,Computación,1368.55,4,5474.2,2024-12-18,Tarjeta,No
719,Teléfono,Computación,683.95,3,20.518.500.000.000.000,2024-12-19,Tarjeta,No
720,Teléfono,Computación,1388.34,2,2776.68,2024-12-20,Tarjeta,Sí
721,Tablet,Telefonía,185.8,1,185.8,2024-12-21,Tarjeta,No
722,Tablet,Telefonía,391.02,3,1173.06,2024-12-22,Efectivo,No
723,Teléfono,Telefonía,1718.69,3,5156.07,2024-12-23,Tarjeta,Sí
724,Auriculares,Telefonía,493.0,1,493.0,2024-12-24,Efectivo,No
725,Laptop,Accesorios,1682.23,3,50.466.900.000.000.000,2024-12-25,Tarjeta,No
726,Laptop,Accesorios,594.59,4,2378.36,2024-12-26,Tarjeta,Sí
727,Auriculares,Telefonía,1303.62,4,5214.48,2024-12-27,Tarjeta,No
728,Teléfono,Accesorios,1403.59,2,2807.18,2024-12-28,Transferencia,No
729,Tablet,Computación,1049.68,2,2099.36,2024-12-29,Tarjeta,No
730,Laptop,Computación,645.36,1,645.36,2024-12-30,Efectivo,Sí
731,Smartwatch,Computación,464.66,2,929.32,2024-12-31,Tarjeta,Sí
732,Smartwatch,Telefonía,114.72,4,458.88,2025-01-01,Efectivo,No
733,Auriculares,Computación,642.7,1,642.7,2025-01-02,Tarjeta,Sí
734,Teléfono,Accesorios,1323.67,1,1323.67,2025-01-03,Efectivo,No
735,Laptop,Telefonía,1879.69,2,3759.38,2025-01-04,Efectivo,Sí
736,Teléfono,Accesorios,1748.85,4,6995.4,2025-01-05,,Sí
737,Laptop,Computación,1543.83,1,1543.83,2025-01-06,Tarjeta,Sí
738,Auriculares,Computación,1587.47,4,6349.88,2025-01-07,Tarjeta,No
739,Auriculares,Computación,1346.72,4,5386.88,2025-01-08,Tarjeta,No
740,Smartwatch,Telefonía,557.56,4,2230.24,2025-01-09,Transferencia,Sí
741,Teléfono,Accesorios,1819.03,2,3638.06,2025-01-10,Efectivo,Sí
742,Smartwatch,Telefonía,1357.93,3,4073.79,2025-01-11,Efectivo,Sí
743,Teléfono,Telefonía,1142.86,3,3428.58,2025-01-12,,No
744,Smartwatch,Computación,266.43,1,266.43,2025-01-13,Tarjeta,No
745,Tablet,Telefonía,921.76,4,3687.04,2025-01-14,Tarjeta,No
746,Tablet,Telefonía,947.7,2,1895.4,2025-01-15,Transferencia,No
747,Tablet,Computación,1735.9,4,6943.6,2025-01-16,Efectivo,No
748,Tablet,Telefonía,1115.96,4,4463.84,2025-01-17,Transferencia,Sí
749,Laptop,Computación,791.78,2,1583.56,2025-01-18,Tarjeta,No
750,Tablet,Computación,1954.76,3,5864.28,2025-01-19,Efectivo,Sí
751,Auriculares,Computación,265.91,4,1063.64,2025-01-20,Efectivo,Sí
752,Auriculares,Computación,873.97,4,3495.88,2025-01-21,Tarjeta,No
753,Laptop,Telefonía,131.95,3,39.584.999.999.999.900,2025-01-22,Transferencia,No
754,Tablet,Computación,1492.81,2,2985.62,2025-01-23,Transferencia,No
755,Tablet,Computación,1840.25,1,1840.25,2025-01-24,Transferencia,No
756,Tablet,Telefonía,596.07,3,1788.21,2025-01-25,Efectivo,No
757,Smartwatch,Telefonía,1723.77,1,1723.77,2025-01-26,Tarjeta,Sí
758,Teléfono,Accesorios,619.83,1,619.83,2025-01-27,Tarjeta,No
759,Smartwatch,Telefonía,1826.0,3,5478.0,2025-01-28,Transferencia,No
760,Teléfono,Telefonía,1520.23,4,6080.92,2025-01-29,Tarjeta,No
761,Tablet,Accesorios,1619.57,1,1619.57,2025-01-30,Efectivo,No
762,Tablet,Telefonía,85.11,1,85.11,2025-01-31,Efectivo,Sí
763,Smartwatch,Telefonía,1927.48,2,3854.96,2025-02-01,Efectivo,No
764,Smartwatch,Telefonía,1467.01,4,5868.04,2025-02-02,Transferencia,No
765,Teléfono,Telefonía,644.26,1,644.26,2025-02-03,Tarjeta,Sí
766,Auriculares,Accesorios,1667.32,2,3334.64,2025-02-04,Tarjeta,No
767,Teléfono,Telefonía,598.97,4,2395.88,2025-02-05,Tarjeta,No
768,Smartwatch,Telefonía,1751.87,3,5255.61,2025-02-06,Tarjeta,No
769,Smartwatch,Accesorios,269.53,3,8.085.899.999.999.990,2025-02-07,Tarjeta,No
770,Laptop,Computación,1422.19,2,2844.38,2025-02-08,Tarjeta,Sí
771,Smartwatch,Accesorios,1104.36,3,3313.08,2025-02-09,Transferencia,Sí
772,Laptop,Computación,238.24,1,238.24,2025-02-10,Transferencia,Sí
773,Auriculares,Accesorios,521.69,4,2086.76,2025-02-11,Tarjeta,No
774,Teléfono,Accesorios,74.19,1,74.19,2025-02-12,Tarjeta,Sí
775,Teléfono,Telefonía,964.1,1,964.1,2025-02-13,Transferencia,Sí
776,Laptop,Computación,637.47,3,1912.41,2025-02-14,Tarjeta,No
777,Teléfono,Telefonía,1216.8,1,1216.8,2025-02-15,Tarjeta,No
778,Smartwatch,Computación,629.61,3,1888.83,2025-02-16,Tarjeta,No
779,Tablet,Accesorios,634.84,4,2539.36,2025-02-17,Efectivo,Sí
780,Laptop,Accesorios,1499.23,4,5996.92,2025-02-18,Tarjeta,Sí
781,Teléfono,Computación,143.88,1,143.88,2025-02-19,Transferencia,Sí
782,Laptop,Telefonía,1810.65,2,3621.3,2025-02-20,Tarjeta,No
783,Laptop,Telefonía,1711.91,3,51.357.300.000.000.000,2025-02-21,Efectivo,No
784,Tablet,Telefonía,1352.22,3,4056.66,2025-02-22,Tarjeta,No
785,Smartwatch,Telefonía,1206.78,1,1206.78,2025-02-23,Tarjeta,Sí
786,Laptop,Accesorios,1789.99,3,5369.97,2025-02-24,Efectivo,No
787,Teléfono,Accesorios,411.39,3,1234.17,2025-02-25,Efectivo,Sí
788,Auriculares,Accesorios,203.99,2,407.98,2025-02-26,Efectivo,Sí
789,Laptop,Accesorios,517.04,2,1034.08,2025-02-27,Efectivo,No
790,Laptop,Accesorios,1599.43,1,1599.43,2025-02-28,Transferencia,No
791,Tablet,Telefonía,117.61,2,235.22,2025-03-01,Transferencia,Sí
792,Smartwatch,Telefonía,1186.47,1,1186.47,2025-03-02,Efectivo,Sí
793,Auriculares,Telefonía,1991.1,4,7964.4,2025-03-03,Tarjeta,No
794,Teléfono,Telefonía,1718.61,1,1718.61,2025-03-04,Tarjeta,Sí
795,Auriculares,Accesorios,1066.82,4,4267.28,2025-03-05,Tarjeta,Sí
796,Teléfono,Accesorios,174.1,1,174.1,2025-03-06,Efectivo,Sí
797,Smartwatch,Accesorios,1671.18,3,5013.54,2025-03-07,,Sí
798,Teléfono,Computación,1218.01,2,2436.02,2025-03-08,Tarjeta,Sí
799,Tablet,Telefonía,274.12,4,1096.48,2025-03-09,Transferencia,No
800,Tablet,Telefonía,233.02,1,233.02,2025-03-10,Transferencia,Sí
801,Tablet,Accesorios,1823.77,2,3647.54,2025-03-11,Transferencia,No
802,Tablet,Telefonía,1354.94,1,1354.94,2025-03-12,Tarjeta,No
803,Auriculares,Telefonía,1667.11,2,3334.22,2025-03-13,Efectivo,No
804,Smartwatch,Accesorios,1764.01,2,3528.02,2025-03-14,Tarjeta,No
805,Teléfono,Computación,1164.96,1,1164.96,2025-03-15,Tarjeta,No
806,Teléfono,Computación,1059.02,4,4236.08,2025-03-16,Tarjeta,Sí
807,Tablet,Computación,889.33,4,3557.32,2025-03-17,Tarjeta,No
808,Tablet,Accesorios,668.05,3,20.041.499.999.999.900,2025-03-18,Tarjeta,No
809,Laptop,Telefonía,897.46,2,1794.92,2025-03-19,Transferencia,No
810,Smartwatch,Accesorios,1559.07,3,4677.21,2025-03-20,Tarjeta,No
811,Auriculares,Accesorios,1223.75,3,3671.25,2025-03-21,Efectivo,No
812,Teléfono,Telefonía,1790.42,1,1790.42,2025-03-22,Efectivo,No
813,Laptop,Computación,914.59,1,914.59,2025-03-23,Tarjeta,Sí
814,Laptop,Computación,1233.82,1,1233.82,2025-03-24,Tarjeta,No
815,Teléfono,Accesorios,1281.05,2,2562.1,2025-03-25,Tarjeta,No
816,Auriculares,Computación,1203.81,1,1203.81,2025-03-26,,No
817,Laptop,Accesorios,1420.14,1,1420.14,2025-03-27,Tarjeta,Sí
818,Laptop,Accesorios,513.0,2,1026.0,2025-03-28,,No
819,Smartwatch,Telefonía,1049.11,2,2098.22,2025-03-29,Tarjeta,Sí
820,Auriculares,Telefonía,253.24,4,1012.96,2025-03-30,Efectivo,Sí
821,Laptop,Telefonía,799.8,1,799.8,2025-03-31,Transferencia,No
822,Auriculares,Accesorios,1000.95,1,1000.95,2025-04-01,Tarjeta,Sí
823,Teléfono,Telefonía,1321.84,1,1321.84,2025-04-02,Efectivo,No
824,Tablet,Computación,1903.54,4,7614.16,2025-04-03,Efectivo,Sí
825,Laptop,Computación,1221.27,1,1221.27,2025-04-04,Transferencia,No
826,Smartwatch,Accesorios,1500.01,4,6000.04,2025-04-05,Transferencia,Sí
827,Teléfono,Accesorios,1037.22,3,3111.66,2025-04-06,Efectivo,Sí
828,Auriculares,Telefonía,1286.5,4,5146.0,2025-04-07,Efectivo,Sí
829,Teléfono,Accesorios,188.32,3,564.96,2025-04-08,Transferencia,Sí
830,Laptop,Accesorios,546.06,1,546.06,2025-04-09,Tarjeta,Sí
831,Auriculares,Computación,755.61,3,2266.83,2025-04-10,Tarjeta,Sí
832,Tablet,Computación,971.36,4,3885.44,2025-04-11,Tarjeta,No
833,Teléfono,Telefonía,139.02,2,278.04,2025-04-12,Transferencia,Sí
834,Laptop,Accesorios,323.05,3,9.691.500.000.000.000,2025-04-13,Transferencia,No
835,Smartwatch,Accesorios,589.79,3,1769.37,2025-04-14,Tarjeta,Sí
836,Auriculares,Computación,1944.49,1,1944.49,2025-04-15,Efectivo,No
837,Teléfono,Accesorios,696.13,4,2784.52,2025-04-16,Tarjeta,No
838,Teléfono,Computación,989.98,3,2969.94,2025-04-17,Tarjeta,No
839,Tablet,Telefonía,432.39,3,1297.17,2025-04-18,Transferencia,Sí
840,Tablet,Computación,1241.02,3,3723.06,2025-04-19,Tarjeta,Sí
841,Smartwatch,Accesorios,597.33,3,17.919.900.000.000.000,2025-04-20,,No
842,Smartwatch,Telefonía,453.64,2,907.28,2025-04-21,Efectivo,Sí
843,Laptop,Computación,1057.32,4,4229.28,2025-04-22,Efectivo,Sí
844,Laptop,Computación,60.74,1,60.74,2025-04-23,Tarjeta,Sí
845,Smartwatch,Telefonía,64.94,1,64.94,2025-04-24,Efectivo,Sí
846,Smartwatch,Telefonía,477.18,2,954.36,2025-04-25,Efectivo,Sí
847,Auriculares,Computación,121.61,4,486.44,2025-04-26,Tarjeta,No
848,Tablet,Accesorios,260.65,3,7.819.499.999.999.990,2025-04-27,Tarjeta,Sí
849,Laptop,Computación,710.78,2,1421.56,2025-04-28,Efectivo,No
850,Tablet,Telefonía,1615.04,4,6460.16,2025-04-29,Tarjeta,Sí
851,Tablet,Computación,1165.49,3,34.964.700.000.000.000,2025-04-30,Transferencia,Sí
852,Smartwatch,Telefonía,1049.7,2,2099.4,2025-05-01,Transferencia,No
853,Auriculares,Telefonía,622.3,4,2489.2,2025-05-02,Transferencia,Sí
854,Teléfono,Accesorios,1866.92,1,1866.92,2025-05-03,Tarjeta,No
855,Auriculares,Telefonía,824.18,1,824.18,2025-05-04,Transferencia,No
856,Auriculares,Telefonía,219.83,4,879.32,2025-05-05,Tarjeta,Sí
857,Tablet,Accesorios,1253.28,1,1253.28,2025-05-06,Tarjeta,No
858,Auriculares,Telefonía,271.98,4,1087.92,2025-05-07,Tarjeta,Sí
859,Laptop,Accesorios,723.19,3,2169.57,2025-05-08,,No
860,Tablet,Accesorios,1039.45,4,4157.8,2025-05-09,Efectivo,Sí
861,Laptop,Telefonía,1754.73,3,52.641.900.000.000.000,2025-05-10,Tarjeta,No
862,Teléfono,Telefonía,1012.42,2,2024.84,2025-05-11,Tarjeta,Sí
863,Tablet,Computación,1419.4,4,5677.6,2025-05-12,Efectivo,No
864,Teléfono,Accesorios,1985.99,2,3971.98,2025-05-13,,No
865,Tablet,Computación,306.4,1,306.4,2025-05-14,Efectivo,No
866,Smartwatch,Telefonía,585.73,3,1757.19,2025-05-15,Tarjeta,No
867,Auriculares,Computación,819.42,4,3277.68,2025-05-16,Transferencia,No
868,Smartwatch,Accesorios,872.56,2,1745.12,2025-05-17,Transferencia,No
869,Teléfono,Computación,851.49,3,25.544.700.000.000.000,2025-05-18,Tarjeta,Sí
870,Auriculares,Accesorios,1819.84,3,54.595.199.999.999.900,2025-05-19,Tarjeta,Sí
871,Tablet,Telefonía,1442.36,1,1442.36,2025-05-20,Tarjeta,Sí
872,Auriculares,Telefonía,1235.42,1,1235.42,2025-05-21,Transferencia,Sí
873,Laptop,Accesorios,653.28,3,1959.84,2025-05-22,Tarjeta,Sí
874,Auriculares,Telefonía,1656.39,3,4969.17,2025-05-23,Tarjeta,No
875,Laptop,Telefonía,,4,7649.48,2025-05-24,Tarjeta,Sí
876,Auriculares,Telefonía,1651.34,3,49.540.199.999.999.900,2025-05-25,Tarjeta,No
877,Laptop,Telefonía,53.05,4,212.2,2025-05-26,Tarjeta,Sí
878,Teléfono,Accesorios,1290.98,3,3872.94,2025-05-27,Transferencia,Sí
879,Smartwatch,Computación,149.71,1,149.71,2025-05-28,Tarjeta,No
880,Tablet,Computación,552.33,4,2209.32,2025-05-29,Tarjeta,No
881,Auriculares,Telefonía,,2,332.14,2025-05-30,Transferencia,No
882,Smartwatch,Computación,1227.4,1,1227.4,2025-05-31,Transferencia,No
883,Tablet,Computación,1388.85,4,5555.4,2025-06-01,Tarjeta,Sí
884,Tablet,Telefonía,273.25,4,1093.0,2025-06-02,Tarjeta,No
885,Laptop,Telefonía,798.49,2,1596.98,2025-06-03,Tarjeta,Sí
886,Teléfono,Computación,939.66,4,3758.64,2025-06-04,Transferencia,Sí
887,Teléfono,Accesorios,769.65,3,2308.95,2025-06-05,Tarjeta,No
888,Smartwatch,Telefonía,286.0,2,572.0,2025-06-06,Transferencia,Sí
889,Teléfono,Accesorios,866.95,1,866.95,2025-06-07,Efectivo,Sí
890,Auriculares,Computación,1514.8,1,1514.8,2025-06-08,Efectivo,No
891,Teléfono,Telefonía,188.46,3,565.38,2025-06-09,Tarjeta,No
892,Smartwatch,Accesorios,206.35,1,206.35,2025-06-10,Tarjeta,Sí
893,Teléfono,Telefonía,741.8,4,2967.2,2025-06-11,Tarjeta,Sí
894,Auriculares,Computación,1886.37,4,7545.48,2025-06-12,Tarjeta,Sí
895,Laptop,Accesorios,1353.72,3,4061.16,2025-06-13,Efectivo,Sí
896,Smartwatch,Computación,1373.41,1,1373.41,2025-06-14,Transferencia,No
897,Laptop,Computación,755.74,1,755.74,2025-06-15,Efectivo,Sí
898,Laptop,Telefonía,1207.64,3,3622.92,2025-06-16,Efectivo,No
899,Laptop,Accesorios,69.76,2,139.52,2025-06-17,Tarjeta,Sí
900,Tablet,Computación,1290.39,1,1290.39,2025-06-18,Tarjeta,No
901,Tablet,Computación,1830.91,2,3661.82,2025-06-19,Tarjeta,Sí
902,Laptop,Accesorios,1244.52,1,1244.52,2025-06-20,Efectivo,No
903,Smartwatch,Computación,1753.71,1,1753.71,2025-06-21,Transferencia,Sí
904,Auriculares,Computación,1461.75,1,1461.75,2025-06-22,Efectivo,No
905,Auriculares,Accesorios,285.09,1,285.09,2025-06-23,Tarjeta,Sí
906,Teléfono,Accesorios,1809.78,4,7239.12,2025-06-24,Tarjeta,Sí
907,Smartwatch,Accesorios,179.57,2,359.14,2025-06-25,Efectivo,No
908,Tablet,Accesorios,1091.24,2,2182.48,2025-06-26,Tarjeta,No
909,Laptop,Telefonía,327.17,1,327.17,2025-06-27,Transferencia,No
910,Teléfono,Accesorios,72.83,1,72.83,2025-06-28,Transferencia,No
911,Auriculares,Telefonía,872.97,2,1745.94,2025-06-29,Efectivo,No
912,Tablet,Telefonía,625.33,4,2501.32,2025-06-30,Tarjeta,Sí
913,Tablet,Telefonía,997.7,3,29.931.000.000.000.000,2025-07-01,Tarjeta,Sí
914,Laptop,Computación,1175.54,3,3526.62,2025-07-02,Tarjeta,Sí
915,Auriculares,Telefonía,135.29,2,270.58,2025-07-03,Tarjeta,No
916,Smartwatch,Telefonía,289.86,1,289.86,2025-07-04,Tarjeta,Sí
917,Tablet,Computación,1139.35,1,1139.35,2025-07-05,Efectivo,Sí
918,Laptop,Computación,719.18,4,2876.72,2025-07-06,Efectivo,No
919,Smartwatch,Computación,1471.89,3,4415.67,2025-07-07,Tarjeta,No
920,Auriculares,Accesorios,1321.97,4,5287.88,2025-07-08,Tarjeta,Sí
921,Tablet,Computación,1698.93,3,5096.79,2025-07-09,Tarjeta,Sí
922,Smartwatch,Computación,1400.36,2,2800.72,2025-07-10,Tarjeta,Sí
923,Smartwatch,Telefonía,888.37,3,2665.11,2025-07-11,Transferencia,Sí
924,Smartwatch,Computación,1362.28,4,5449.12,2025-07-12,Tarjeta,Sí
925,Tablet,Accesorios,586.99,4,2347.96,2025-07-13,Tarjeta,No
926,Tablet,Computación,647.31,4,2589.24,2025-07-14,Tarjeta,No
927,Teléfono,Accesorios,1588.52,2,3177.04,2025-07-15,Transferencia,No
928,Auriculares,Computación,920.52,3,2761.56,2025-07-16,Efectivo,Sí
929,Laptop,Computación,1606.84,3,48.205.199.999.999.900,2025-07-17,Tarjeta,No
930,Smartwatch,Computación,1653.72,4,6614.88,2025-07-18,Efectivo,Sí
931,Teléfono,Computación,1722.25,3,5166.75,2025-07-19,,No
932,Laptop,Accesorios,1837.44,1,1837.44,2025-07-20,Transferencia,No
933,Teléfono,Accesorios,890.42,1,890.42,2025-07-21,Tarjeta,Sí
934,Tablet,Telefonía,671.79,1,671.79,2025-07-22,Transferencia,Sí
935,Smartwatch,Accesorios,1185.29,3,3555.87,2025-07-23,Transferencia,No
936,Laptop,Computación,773.79,2,1547.58,2025-07-24,Transferencia,Sí
937,Laptop,Telefonía,1222.09,2,2444.18,2025-07-25,Efectivo,No
938,Laptop,Telefonía,1425.89,2,2851.78,2025-07-26,Efectivo,Sí
939,Laptop,Telefonía,1392.39,2,2784.78,2025-07-27,Tarjeta,No
940,Laptop,Computación,780.38,1,780.38,2025-07-28,Efectivo,Sí
941,Teléfono,Accesorios,375.38,1,375.38,2025-07-29,Efectivo,Sí
942,Smartwatch,Computación,889.53,4,3558.12,2025-07-30,Efectivo,No
943,Tablet,Telefonía,328.06,3,9.841.800.000.000.000,2025-07-31,Tarjeta,Sí
944,Tablet,Computación,1785.69,3,5357.07,2025-08-01,Efectivo,Sí
945,Tablet,Computación,724.46,2,1448.92,2025-08-02,Transferencia,Sí
946,Tablet,Accesorios,351.2,1,351.2,2025-08-03,Tarjeta,Sí
947,Teléfono,Accesorios,99.62,2,199.24,2025-08-04,Transferencia,Sí
948,Auriculares,Telefonía,1309.35,4,5237.4,2025-08-05,Efectivo,Sí
949,Smartwatch,Computación,1291.96,3,3875.88,2025-08-06,Transferencia,No
950,Laptop,Computación,714.18,3,2142.54,2025-08-07,Tarjeta,Sí
951,Auriculares,Accesorios,189.84,2,379.68,2025-08-08,Tarjeta,No
952,Tablet,Computación,848.78,4,3395.12,2025-08-09,Transferencia,Sí
953,Auriculares,Computación,656.87,3,19.706.100.000.000.000,2025-08-10,,Sí
954,Smartwatch,Computación,1370.39,4,5481.56,2025-08-11,Transferencia,No
955,Laptop,Accesorios,1231.27,4,4925.08,2025-08-12,Tarjeta,Sí
956,Laptop,Telefonía,760.96,2,1521.92,2025-08-13,Efectivo,No
957,Smartwatch,Telefonía,474.89,1,474.89,2025-08-14,Tarjeta,Sí
958,Smartwatch,Computación,1976.67,2,3953.34,2025-08-15,Efectivo,No
959,Tablet,Telefonía,935.3,1,935.3,2025-08-16,Tarjeta,No
960,Laptop,Accesorios,1392.13,4,5568.52,2025-08-17,Tarjeta,No
961,Auriculares,Accesorios,324.08,1,324.08,2025-08-18,Tarjeta,No
962,Teléfono,Telefonía,996.9,4,3987.6,2025-08-19,Tarjeta,No
963,Teléfono,Telefonía,103.7,3,311.1,2025-08-20,Transferencia,Sí
964,Smartwatch,Computación,1035.64,3,3106.92,2025-08-21,Transferencia,Sí
965,Tablet,Telefonía,,3,5789.49,2025-08-22,Tarjeta,No
966,Teléfono,Computación,799.2,2,1598.4,2025-08-23,Efectivo,Sí
967,Laptop,Computación,126.04,2,252.08,2025-08-24,Tarjeta,Sí
968,Smartwatch,Accesorios,110.36,4,441.44,2025-08-25,Efectivo,No
969,Auriculares,Accesorios,806.57,3,2419.71,2025-08-26,Transferencia,Sí
970,Smartwatch,Accesorios,362.05,2,724.1,2025-08-27,Transferencia,No
971,Auriculares,Accesorios,95.54,3,286.62,2025-08-28,Tarjeta,No
972,Smartwatch,Telefonía,1524.62,2,3049.24,2025-08-29,Efectivo,No
973,Smartwatch,Accesorios,944.12,1,944.12,2025-08-30,Tarjeta,No
974,Smartwatch,Telefonía,614.03,1,614.03,2025-08-31,Transferencia,Sí
975,Auriculares,Accesorios,1805.16,3,54.154.800.000.000.000,2025-09-01,Tarjeta,Sí
976,Auriculares,Telefonía,276.47,4,1105.88,2025-09-02,Efectivo,No
977,Smartwatch,Computación,1914.04,2,3828.08,2025-09-03,Efectivo,Sí
978,Teléfono,Telefonía,662.24,2,1324.48,2025-09-04,Efectivo,No
979,Tablet,Telefonía,1782.39,1,1782.39,2025-09-05,Tarjeta,No
980,Tablet,Accesorios,1225.74,1,1225.74,2025-09-06,Transferencia,No
981,Tablet,Telefonía,1662.08,4,6648.32,2025-09-07,Tarjeta,Sí
982,Auriculares,Computación,,4,7875.32,2025-09-08,Efectivo,No
983,Auriculares,Computación,612.39,4,2449.56,2025-09-09,Tarjeta,No
984,Teléfono,Accesorios,1924.21,3,5772.63,2025-09-10,Tarjeta,No
985,Tablet,Computación,809.49,1,809.49,2025-09-11,Efectivo,Sí
986,Tablet,Telefonía,801.75,3,2405.25,2025-09-12,Tarjeta,No
987,Smartwatch,Computación,713.75,1,713.75,2025-09-13,Tarjeta,No
988,Auriculares,Accesorios,1105.74,1,1105.74,2025-09-14,Tarjeta,No
989,Tablet,Telefonía,350.58,2,701.16,2025-09-15,Tarjeta,No
990,Teléfono,Accesorios,1129.74,1,1129.74,2025-09-16,Efectivo,Sí
991,Teléfono,Telefonía,1106.32,1,1106.32,2025-09-17,Transferencia,No
992,Tablet,Computación,,3,4607.13,2025-09-18,Tarjeta,No
993,Auriculares,Accesorios,1675.62,1,1675.62,2025-09-19,Tarjeta,Sí
994,Teléfono,Accesorios,908.86,3,2726.58,2025-09-20,Tarjeta,No
995,Smartwatch,Telefonía,639.55,4,2558.2,2025-09-21,Tarjeta,No
996,Teléfono,Accesorios,555.7,1,555.7,2025-09-22,Efectivo,No
997,Laptop,Telefonía,429.52,1,429.52,2025-09-23,,No
998,Laptop,Telefonía,162.41,3,487.23,2025-09-24,,No
999,Auriculares,Telefonía,717.77,4,2871.08,2025-09-25,Tarjeta,No
1000,Tablet,Telefonía,576.98,2,1153.96,2025-09-26,Tarjeta,Sí
283,Laptop,Telefonía,880.86,2,1761.72,2023-10-10,Tarjeta,No
776,Laptop,Computación,637.47,3,1912.41,2025-02-14,Tarjeta,No
759,Smartwatch,Telefonía,1826.0,3,5478.0,2025-01-28,Transferencia,No
50,Auriculares,Telefonía,,2,2124.42,2023-02-19,Efectivo,No
40,Teléfono,Telefonía,513.21,3,1539.63,2023-02-09,Tarjeta,Sí
544,Auriculares,Computación,1515.18,4,6060.72,2024-06-27,Efectivo,No
87,Laptop,Accesorios,1378.18,3,4134.54,2023-03-28,Transferencia,No
941,Teléfono,Accesorios,375.38,1,375.38,2025-07-29,Efectivo,Sí
751,Auriculares,Computación,265.91,4,1063.64,2025-01-20,Efectivo,Sí
274,Auriculares,Telefonía,1399.71,2,2799.42,2023-10-01,Tarjeta,No